{
  "asof": "2025-12-01",
  "spot": 8097.0,
  "bergomi_k": 2.0,
  "bergomi_nu": 1.0,
  "bergomi_rho": -0.7,
  "rfr_tenor_years": [
    0.0,
    0.0055,
    0.0192,
    0.0833,
    0.1667,
    0.25,
    0.5,
    0.75,
    1.0,
    2.0,
    3.0,
    4.0,
    5.0,
    6.0,
    7.0,
    8.0,
    9.0,
    10.0,
    11.0,
    12.0,
    13.0,
    14.0,
    15.0,
    20.0,
    25.0,
    30.0,
    40.0,
    50.0
  ],
  "rfr_zero_rates": [
    0.019301,
    0.019301,
    0.01929,
    0.01961,
    0.02011,
    0.0206,
    0.019248,
    0.018877,
    0.020715,
    0.021105,
    0.02198,
    0.0229,
    0.023745,
    0.02453,
    0.0253,
    0.02604,
    0.026725,
    0.02735,
    0.02795,
    0.0285,
    0.028892,
    0.02943,
    0.029795,
    0.030845,
    0.031165,
    0.03121,
    0.03099,
    0.030455
  ],
  "repo_tenor_years": [
    0.0,
    0.5,
    1.0,
    2.0,
    5.0,
    8.0,
    10.0
  ],
  "repo_zero_rates": [
    -0.0054,
    -0.0054,
    -0.00498,
    -0.00512,
    -0.00655,
    -0.0083,
    -0.00931
  ],
  "vol_tenor_years": [
    0.0833,
    0.0833,
    0.0833,
    0.0833,
    0.0833,
    0.0833,
    0.0833,
    0.0833,
    0.0833,
    0.0833,
    0.0833,
    0.0833,
    0.0833,
    0.0833,
    0.0833,
    0.25,
    0.25,
    0.25,
    0.25,
    0.25,
    0.25,
    0.25,
    0.25,
    0.25,
    0.25,
    0.25,
    0.25,
    0.25,
    0.25,
    0.25,
    0.5,
    0.5,
    0.5,
    0.5,
    0.5,
    0.5,
    0.5,
    0.5,
    0.5,
    0.5,
    0.5,
    0.5,
    0.5,
    0.5,
    0.5,
    1.0,
    1.0,
    1.0,
    1.0,
    1.0,
    1.0,
    1.0,
    1.0,
    1.0,
    1.0,
    1.0,
    1.0,
    1.0,
    1.0,
    1.0,
    1.5,
    1.5,
    1.5,
    1.5,
    1.5,
    1.5,
    1.5,
    1.5,
    1.5,
    1.5,
    1.5,
    1.5,
    1.5,
    1.5,
    1.5,
    2.0,
    2.0,
    2.0,
    2.0,
    2.0,
    2.0,
    2.0,
    2.0,
    2.0,
    2.0,
    2.0,
    2.0,
    2.0,
    2.0,
    2.0,
    3.0,
    3.0,
    3.0,
    3.0,
    3.0,
    3.0,
    3.0,
    3.0,
    3.0,
    3.0,
    3.0,
    3.0,
    3.0,
    3.0,
    3.0,
    4.0,
    4.0,
    4.0,
    4.0,
    4.0,
    4.0,
    4.0,
    4.0,
    4.0,
    4.0,
    4.0,
    4.0,
    4.0,
    4.0,
    4.0,
    5.005479452054795,
    5.005479452054795,
    5.005479452054795,
    5.005479452054795,
    5.005479452054795,
    5.005479452054795,
    5.005479452054795,
    5.005479452054795,
    5.005479452054795,
    5.005479452054795,
    5.005479452054795,
    5.005479452054795,
    5.005479452054795,
    5.005479452054795,
    5.005479452054795,
    7.0,
    7.0,
    7.0,
    7.0,
    7.0,
    7.0,
    7.0,
    7.0,
    7.0,
    7.0,
    7.0,
    7.0,
    7.0,
    7.0,
    7.0,
    10.0,
    10.0,
    10.0,
    10.0,
    10.0,
    10.0,
    10.0,
    10.0,
    10.0,
    10.0,
    10.0,
    10.0,
    10.0,
    10.0,
    10.0
  ],
  "vol_strikes": [
    3238.8,
    4858.2,
    5667.9,
    6477.6,
    7287.3,
    8097.0,
    8906.7,
    9716.4,
    10526.1,
    12145.5,
    12955.2,
    13764.9,
    14574.6,
    15384.3,
    16194.0,
    3238.8,
    4858.2,
    5667.9,
    6477.6,
    7287.3,
    8097.0,
    8906.7,
    9716.4,
    10526.1,
    12145.5,
    12955.2,
    13764.9,
    14574.6,
    15384.3,
    16194.0,
    3238.8,
    4858.2,
    5667.9,
    6477.6,
    7287.3,
    8097.0,
    8906.7,
    9716.4,
    10526.1,
    12145.5,
    12955.2,
    13764.9,
    14574.6,
    15384.3,
    16194.0,
    3238.8,
    4858.2,
    5667.9,
    6477.6,
    7287.3,
    8097.0,
    8906.7,
    9716.4,
    10526.1,
    12145.5,
    12955.2,
    13764.9,
    14574.6,
    15384.3,
    16194.0,
    3238.8,
    4858.2,
    5667.9,
    6477.6,
    7287.3,
    8097.0,
    8906.7,
    9716.4,
    10526.1,
    12145.5,
    12955.2,
    13764.9,
    14574.6,
    15384.3,
    16194.0,
    3238.8,
    4858.2,
    5667.9,
    6477.6,
    7287.3,
    8097.0,
    8906.7,
    9716.4,
    10526.1,
    12145.5,
    12955.2,
    13764.9,
    14574.6,
    15384.3,
    16194.0,
    3238.8,
    4858.2,
    5667.9,
    6477.6,
    7287.3,
    8097.0,
    8906.7,
    9716.4,
    10526.1,
    12145.5,
    12955.2,
    13764.9,
    14574.6,
    15384.3,
    16194.0,
    3238.8,
    4858.2,
    5667.9,
    6477.6,
    7287.3,
    8097.0,
    8906.7,
    9716.4,
    10526.1,
    12145.5,
    12955.2,
    13764.9,
    14574.6,
    15384.3,
    16194.0,
    3238.8,
    4858.2,
    5667.9,
    6477.6,
    7287.3,
    8097.0,
    8906.7,
    9716.4,
    10526.1,
    12145.5,
    12955.2,
    13764.9,
    14574.6,
    15384.3,
    16194.0,
    3238.8,
    4858.2,
    5667.9,
    6477.6,
    7287.3,
    8097.0,
    8906.7,
    9716.4,
    10526.1,
    12145.5,
    12955.2,
    13764.9,
    14574.6,
    15384.3,
    16194.0,
    3238.8,
    4858.2,
    5667.9,
    6477.6,
    7287.3,
    8097.0,
    8906.7,
    9716.4,
    10526.1,
    12145.5,
    12955.2,
    13764.9,
    14574.6,
    15384.3,
    16194.0
  ],
  "implied_vols": [
    0.602953,
    0.537187,
    0.424256,
    0.318161,
    0.219591,
    0.138933,
    0.115099,
    0.128044,
    0.157782,
    0.204463,
    0.220598,
    0.233759,
    0.244716,
    0.253995,
    0.261966,
    0.602953,
    0.421098,
    0.339972,
    0.265417,
    0.199131,
    0.147037,
    0.123709,
    0.1217,
    0.132664,
    0.160394,
    0.169508,
    0.176719,
    0.18258,
    0.187446,
    0.191557,
    0.5067,
    0.361249,
    0.298839,
    0.243109,
    0.194719,
    0.155172,
    0.133166,
    0.125062,
    0.125696,
    0.143718,
    0.154374,
    0.163029,
    0.170213,
    0.176281,
    0.18148,
    0.410074,
    0.305644,
    0.261485,
    0.222535,
    0.188754,
    0.160138,
    0.141394,
    0.131018,
    0.126158,
    0.128702,
    0.134536,
    0.141729,
    0.14797,
    0.153232,
    0.157734,
    0.374516,
    0.284828,
    0.250008,
    0.214745,
    0.186712,
    0.162336,
    0.145022,
    0.133633,
    0.127957,
    0.120767,
    0.128271,
    0.132278,
    0.136425,
    0.140593,
    0.144599,
    0.352333,
    0.271886,
    0.23853,
    0.209592,
    0.18467,
    0.163415,
    0.147833,
    0.137101,
    0.129756,
    0.122665,
    0.122006,
    0.122827,
    0.124879,
    0.127953,
    0.131463,
    0.325976,
    0.255413,
    0.230627,
    0.202307,
    0.182723,
    0.164221,
    0.151437,
    0.142373,
    0.134629,
    0.128742,
    0.127051,
    0.127404,
    0.1288,
    0.131064,
    0.133778,
    0.31034,
    0.24557,
    0.222725,
    0.197864,
    0.180777,
    0.164621,
    0.153662,
    0.145819,
    0.139502,
    0.13346,
    0.132097,
    0.131982,
    0.132721,
    0.134176,
    0.136092,
    0.29896,
    0.238679,
    0.214822,
    0.195075,
    0.17883,
    0.165529,
    0.156075,
    0.149327,
    0.144375,
    0.138522,
    0.137142,
    0.136559,
    0.136642,
    0.137287,
    0.138407,
    0.288526,
    0.23329,
    0.212667,
    0.194076,
    0.180301,
    0.168355,
    0.160413,
    0.154703,
    0.150659,
    0.145018,
    0.144213,
    0.143573,
    0.143484,
    0.143859,
    0.144629,
    0.277741,
    0.228343,
    0.209434,
    0.194348,
    0.182507,
    0.17336,
    0.167443,
    0.163263,
    0.160085,
    0.155996,
    0.15482,
    0.154095,
    0.153747,
    0.153718,
    0.153961
  ],
  "dividend_dates": [
    "2026-12-01",
    "2027-12-01",
    "2028-12-01",
    "2029-12-03",
    "2030-12-02"
  ],
  "dividend_amounts": [
    343.425,
    228.9458,
    223.6222,
    225.3806,
    210.553
  ]
}
